Date,Open,High,Low,Close,Volume,Log_Ret,SMA_7,SMA_21,Volatility_7,Lag_1,Lag_2,Lag_3,Lag_5,Day_of_Week,Month,Target
2024-12-19,247.5,252.0,247.0949,249.79,60882264,0.0069902261174959015,249.27714285714288,241.81761904761905,0.011550766171792183,-0.02165458570825826,0.009672635470593672,0.011659486612797755,0.00594601812519399,3,12,0.018640977623199214
2024-12-20,248.04,255.0,245.69,254.49,147495267,0.018640977623199214,250.42000000000002,243.03142857142856,0.012811843559879502,0.0069902261174959015,-0.02165458570825826,0.009672635470593672,0.000685359538206058,4,12,0.0030602660418225774
2024-12-23,254.77,255.65,253.45,255.27,40858774,0.0030602660418225774,251.46428571428572,244.30523809523808,0.012806346753886057,0.018640977623199214,0.0069902261174959015,-0.02165458570825826,0.011659486612797755,0,12,0.011412669882966294
2024-12-24,255.49,258.21,255.29,258.2,23234705,0.011412669882966294,252.90285714285713,245.6542857142857,0.012963442510260593,0.0030602660418225774,0.018640977623199214,0.0069902261174959015,0.009672635470593672,1,12,0.0031708003828989626
2024-12-26,258.19,260.1,257.63,259.02,27262983,0.0031708003828989626,254.04285714285714,246.89952380952377,0.012705677694462018,0.011412669882966294,0.0030602660418225774,0.018640977623199214,-0.02165458570825826,3,12,-0.0133306806880835
2024-12-27,257.83,258.7,253.06,255.59,42355321,-0.0133306806880835,254.34428571428572,247.87714285714287,0.014040588302552108,0.0031708003828989626,0.011412669882966294,0.0030602660418225774,0.0069902261174959015,4,12,-0.013352174576538492
2024-12-30,252.23,253.5,250.75,252.2,35557542,-0.013352174576538492,254.93714285714285,248.69952380952378,0.011990808814316202,-0.0133306806880835,0.0031708003828989626,0.011412669882966294,0.018640977623199214,0,12,-0.007082915290017538
2024-12-31,252.44,253.28,249.43,250.42,39480718,-0.007082915290017538,255.02714285714288,249.32285714285712,0.012263789157966089,-0.013352174576538492,-0.0133306806880835,0.0031708003828989626,0.0030602660418225774,1,12,-0.026586226084739983
2025-01-02,248.93,249.1,241.8201,243.85,55740731,-0.026586226084739983,253.50714285714284,249.5257142857143,0.012923364960042621,-0.007082915290017538,-0.013352174576538492,-0.0133306806880835,0.011412669882966294,3,1,-0.0020114536450788353
2025-01-03,243.36,244.18,241.89,243.36,40244114,-0.0020114536450788353,251.80571428571426,249.5595238095238,0.012457924645647564,-0.026586226084739983,-0.007082915290017538,-0.013352174576538492,0.0031708003828989626,4,1,0.006716382033744203
2025-01-06,244.31,247.33,243.2,245.0,45045571,0.006716382033744203,249.92,249.6542857142857,0.011392968079373829,-0.0020114536450788353,-0.026586226084739983,-0.007082915290017538,-0.0133306806880835,0,1,-0.011453092086491822
2025-01-07,242.98,245.55,241.35,242.21,40855960,-0.011453092086491822,247.51857142857142,249.6147619047619,0.010409188803065997,0.006716382033744203,-0.0020114536450788353,-0.026586226084739983,-0.013352174576538492,1,1,0.0020209942743203797
2025-01-08,241.92,243.7123,240.05,242.7,37628940,0.0020209942743203797,245.67714285714285,249.60809523809525,0.011084006340140699,-0.011453092086491822,0.006716382033744203,-0.0020114536450788353,-0.007082915290017538,2,1,-0.024399083362794845
2025-01-10,240.01,240.16,233.0,236.85,61710856,-0.024399083362794845,243.4842857142857,249.13666666666666,0.01273708999707145,0.0020209942743203797,-0.011453092086491822,0.006716382033744203,-0.026586226084739983,4,1,-0.010397971666903203
2025-01-13,233.53,234.67,229.72,234.4,49630725,-0.010397971666903203,241.19571428571427,248.5,0.01271681126258123,-0.024399083362794845,0.0020209942743203797,-0.011453092086491822,-0.0020114536450788353,0,1,-0.004789608882564205
2025-01-14,234.75,236.12,232.472,233.28,39435294,-0.004789608882564205,239.68571428571428,247.8709523809524,0.010249033079891287,-0.010397971666903203,-0.024399083362794845,0.0020209942743203797,0.006716382033744203,1,1,0.019484857132124
2025-01-15,234.635,238.96,234.43,237.87,39831969,0.019484857132124,238.9014285714286,247.3904761904762,0.01421280860292686,-0.004789608882564205,-0.010397971666903203,-0.024399083362794845,-0.011453092086491822,2,1,-0.041238975826963314
2025-01-16,237.35,238.01,228.03,228.26,71759052,-0.041238975826963314,236.51000000000002,246.4442857142857,0.019263095176312126,0.019484857132124,-0.004789608882564205,-0.010397971666903203,0.0020209942743203797,3,1,0.007507018495064835
2025-01-17,232.115,232.29,228.48,229.98,68488301,0.007507018495064835,234.76285714285717,245.44142857142856,0.020345421062828703,-0.041238975826963314,0.019484857132124,-0.004789608882564205,-0.024399083362794845,4,1,-0.03243623140288344
2025-01-21,224.0,224.42,219.38,222.64,98070429,-0.03243623140288344,231.89714285714285,243.97285714285715,0.021801890735975347,0.007507018495064835,-0.041238975826963314,0.019484857132124,-0.010397971666903203,1,1,0.005330717933897527
2025-01-22,219.79,224.12,219.79,223.83,64126500,0.005330717933897527,230.03714285714287,242.81952380952382,0.021952855342537422,-0.03243623140288344,0.007507018495064835,-0.041238975826963314,-0.004789608882564205,2,1,-0.0007597935514905356
2025-01-23,224.74,227.03,222.3,223.66,60234760,-0.0007597935514905356,228.50285714285715,241.5752380952381,0.022084890747009242,0.005330717933897527,-0.03243623140288344,0.007507018495064835,0.019484857132124,3,1,-0.003942304182998584
2025-01-24,224.78,225.63,221.41,222.78,54697907,-0.003942304182998584,227.00285714285715,240.0652380952381,0.022099425389073564,-0.0007597935514905356,0.005330717933897527,-0.03243623140288344,-0.041238975826963314,4,1,0.03128569052356898
2025-01-27,224.02,232.15,223.98,229.86,94863418,0.03128569052356898,225.85857142857142,238.8552380952381,0.024714467041580455,-0.003942304182998584,-0.0007597935514905356,0.005330717933897527,0.007507018495064835,0,1,0.035892086430602384
2025-01-28,230.85,240.19,230.81,238.26,75707569,0.035892086430602384,227.28714285714287,237.90571428571425,0.022939776966715224,0.03128569052356898,-0.003942304182998584,-0.0007597935514905356,-0.03243623140288344,1,1,0.004606180414897502
2025-01-29,234.12,239.855,234.01,239.36,45486100,0.004606180414897502,228.62714285714287,236.96952380952385,0.02293685799738353,0.035892086430602384,0.03128569052356898,-0.003942304182998584,0.005330717933897527,2,1,-0.0074221957254156
2025-01-30,238.665,240.79,237.21,237.59,55658279,-0.0074221957254156,230.76285714285717,236.112380952381,0.017245699805119818,0.004606180414897502,0.035892086430602384,0.03128569052356898,-0.0007597935514905356,3,1,-0.006714694035086833
2025-01-31,247.19,247.19,233.44,236.0,101075128,-0.006714694035086833,232.5014285714286,235.34095238095242,0.01827610242096505,-0.0074221957254156,0.004606180414897502,0.035892086430602384,-0.003942304182998584,4,1,-0.034442317383852845
2025-02-03,229.99,231.83,225.7,228.01,73063301,-0.034442317383852845,233.12285714285716,234.27380952380952,0.024280439030033112,-0.006714694035086833,-0.0074221957254156,0.004606180414897502,0.03128569052356898,0,2,0.020790228215525564
2025-02-04,227.25,233.13,226.65,232.8,45067301,0.020790228215525564,234.55428571428573,233.74761904761903,0.024934674034678347,-0.034442317383852845,-0.006714694035086833,-0.0074221957254156,0.035892086430602384,1,2,-0.0014185314133143574
2025-02-05,228.53,232.67,228.27,232.47,39664989,-0.0014185314133143574,234.92714285714285,233.22904761904763,0.02240514197542452,0.020790228215525564,-0.034442317383852845,-0.006714694035086833,0.004606180414897502,2,2,0.0032210296482183117
2025-02-06,231.285,233.8,230.425,233.22,29925349,0.0032210296482183117,234.20714285714283,232.66809523809528,0.01676794869144971,-0.0014185314133143574,0.020790228215525564,-0.034442317383852845,-0.0074221957254156,3,2,-0.0242607103328896
2025-02-07,232.6,234.0,227.26,227.63,39707224,-0.0242607103328896,232.53142857142856,231.97380952380956,0.018069169709908843,0.0032210296482183117,-0.0014185314133143574,0.020790228215525564,-0.006714694035086833,4,2,8.785802149386105e-05
2025-02-10,229.57,230.585,227.2,227.65,33115645,8.785802149386105e-05,231.1114285714286,231.25714285714284,0.01827406043376731,-0.0242607103328896,0.0032210296482183117,-0.0014185314133143574,-0.034442317383852845,0,2,0.021596859130101596
2025-02-11,228.2,235.23,228.13,232.62,53718362,0.021596859130101596,230.62857142857143,231.0557142857143,0.02104035795622096,8.785802149386105e-05,-0.0242607103328896,0.0032210296482183117,0.020790228215525564,1,2,0.01810524652359782
2025-02-12,231.2,236.96,230.68,236.87,45243292,0.01810524652359782,231.8942857142857,231.17333333333335,0.01643077763208633,0.021596859130101596,8.785802149386105e-05,-0.0242607103328896,-0.0014185314133143574,2,2,0.01948222154550864
2025-02-13,236.91,242.3399,235.57,241.53,53614054,0.01948222154550864,233.14142857142858,231.56619047619046,0.016233445301432232,0.01810524652359782,0.021596859130101596,8.785802149386105e-05,0.0032210296482183117,3,2,0.012630534273072785
2025-02-14,241.25,245.55,240.99,244.6,40896227,0.012630534273072785,234.8742857142857,231.88666666666666,0.01613845333921552,0.01948222154550864,0.01810524652359782,0.021596859130101596,-0.0242607103328896,4,2,-0.0005316212528338489
2025-02-18,244.15,245.18,241.84,244.47,48822491,-0.0005316212528338489,236.48142857142858,232.65857142857143,0.01635608201413248,0.012630534273072785,0.01948222154550864,0.01810524652359782,8.785802149386105e-05,1,2,0.0016348554750960618
2025-02-19,244.66,246.01,243.1604,244.87,32204215,0.0016348554750960618,238.94428571428574,233.36761904761906,0.009788299342366741,-0.0005316212528338489,0.012630534273072785,0.01948222154550864,0.021596859130101596,2,2,0.003912782656568721
2025-02-20,244.94,246.78,244.29,245.83,32316907,0.003912782656568721,241.54142857142855,234.47190476190477,0.009204106513692497,0.0016348554750960618,-0.0005316212528338489,0.012630534273072785,0.01810524652359782,3,2,-0.0011396476466492649
2025-02-21,245.95,248.69,245.22,245.55,53197431,-0.0011396476466492649,243.38857142857142,235.50619047619048,0.008835747686497045,0.003912782656568721,0.0016348554750960618,-0.0005316212528338489,0.01948222154550864,4,2,0.006292520509310753
2025-02-24,244.925,248.86,244.42,247.1,51326396,0.006292520509310753,244.84999999999997,236.62238095238095,0.00755927825518734,-0.0011396476466492649,0.003912782656568721,0.0016348554750960618,0.012630534273072785,0,2,-0.0002428461581531033
2025-02-25,248.0,250.0,244.91,247.04,48013272,-0.0002428461581531033,245.63714285714286,237.77761904761905,0.004933957546784213,0.006292520509310753,-0.0011396476466492649,0.003912782656568721,-0.0005316212528338489,1,2,-0.027412467370684025
2025-02-26,244.33,244.98,239.13,240.36,44433564,-0.027412467370684025,245.03142857142856,238.27761904761905,0.011306193355525594,-0.0002428461581531033,0.006292520509310753,-0.0011396476466492649,0.0016348554750960618,2,2,-0.012812636024009335
2025-02-27,239.41,242.46,237.06,237.3,41153639,-0.012812636024009335,244.00714285714284,238.2319047619048,0.011888071359973554,-0.027412467370684025,-0.0002428461581531033,0.006292520509310753,0.003912782656568721,3,2,0.01895118702948463
2025-02-28,236.95,242.09,230.2,241.84,56833360,0.01895118702948463,243.5742857142857,238.34999999999997,0.014769737079126415,-0.012812636024009335,-0.027412467370684025,-0.0002428461581531033,-0.0011396476466492649,4,2,-0.01587963432324655
2025-03-03,241.79,244.0272,236.112,238.03,47183985,-0.01587963432324655,242.46,238.3709523809524,0.015380453934579466,0.01895118702948463,-0.012812636024009335,-0.027412467370684025,0.006292520509310753,0,3,-0.008861565289334124
2025-03-04,237.705,240.07,234.68,235.93,53798062,-0.008861565289334124,241.08571428571432,238.36761904761903,0.015367296264840704,-0.01587963432324655,0.01895118702948463,-0.012812636024009335,-0.0002428461581531033,1,3,-0.0008056480601985587
2025-03-05,235.42,236.55,229.23,235.74,47227643,-0.0008056480601985587,239.46285714285713,238.73571428571432,0.014661323650220224,-0.008861565289334124,-0.01587963432324655,0.01895118702948463,-0.027412467370684025,2,3,-0.001740718379554715
2025-03-06,234.435,237.86,233.1581,235.33,45170419,-0.001740718379554715,237.79,238.8561904761905,0.014561567961639741,-0.0008056480601985587,-0.008861565289334124,-0.01587963432324655,-0.012812636024009335,3,3,0.0157676116588977
2025-03-07,235.105,241.37,234.76,239.07,46273565,0.0157676116588977,237.6057142857143,239.1704761904762,0.013553357101054255,-0.001740718379554715,-0.0008056480601985587,-0.008861565289334124,0.01895118702948463,4,3,-0.04969407363916757
2025-03-10,235.54,236.16,224.22,227.48,71451281,-0.04969407363916757,236.20285714285714,238.89714285714285,0.022936402491886956,0.0157676116588977,-0.001740718379554715,-0.0008056480601985587,-0.01587963432324655,0,3,-0.029623865022754978
2025-03-11,223.805,225.8399,217.45,220.84,76137410,-0.029623865022754978,233.20285714285714,238.57380952380953,0.02141367255020483,-0.04969407363916757,0.0157676116588977,-0.001740718379554715,-0.008861565289334124,1,3,-0.0176332740215393
2025-03-12,220.14,221.75,214.91,216.98,62547467,-0.0176332740215393,230.19571428571427,238.06571428571428,0.021463492520849455,-0.029623865022754978,-0.04969407363916757,0.0157676116588977,-0.0008056480601985587,2,3,-0.034222624379153584
2025-03-13,215.95,216.8394,208.42,209.68,61368330,-0.034222624379153584,226.44571428571427,236.97333333333336,0.022708099166273015,-0.0176332740215393,-0.029623865022754978,-0.04969407363916757,-0.001740718379554715,3,3,0.018007434149081746
2025-03-14,211.25,213.95,209.58,213.49,60107582,0.018007434149081746,223.26714285714283,235.86,0.025823175318492455,-0.034222624379153584,-0.0176332740215393,-0.029623865022754978,0.0157676116588977,4,3,0.0023860218576188547
2025-03-17,213.31,215.22,209.97,214.0,48073426,0.0023860218576188547,220.22,234.54904761904766,0.026198411951625433,0.018007434149081746,-0.034222624379153584,-0.0176332740215393,-0.04969407363916757,0,3,-0.006140308495397845
2025-03-18,214.16,215.15,211.49,212.69,42432426,-0.006140308495397845,216.45142857142858,233.0295238095238,0.023252017070385635,0.0023860218576188547,0.018007434149081746,-0.034222624379153584,-0.029623865022754978,1,3,0.01191797809476539
2025-03-19,214.22,218.76,213.75,215.24,54385391,0.01191797809476539,214.70285714285714,231.637619047619,0.02013450453844845,-0.006140308495397845,0.0023860218576188547,0.018007434149081746,-0.0176332740215393,2,3,-0.005310489025581843
2025-03-20,213.99,217.4899,212.22,214.1,48862947,-0.005310489025581843,213.73999999999998,230.17238095238093,0.017714308201155143,0.01191797809476539,-0.006140308495397845,0.0023860218576188547,-0.034222624379153584,3,3,0.019289632955349155
2025-03-21,211.56,218.84,211.28,218.27,94127768,0.019289632955349155,213.92428571428573,228.86,0.018601801255552376,-0.005310489025581843,0.01191797809476539,-0.006140308495397845,0.018007434149081746,4,3,0.011207406602134005
2025-03-24,221.0,221.48,218.58,220.73,44299483,0.011207406602134005,215.50285714285715,227.67809523809524,0.010478533726258735,0.019289632955349155,-0.005310489025581843,0.01191797809476539,0.0023860218576188547,0,3,0.013589122001844327
2025-03-25,220.77,224.1,220.08,223.75,34493583,0.013589122001844327,216.96857142857144,226.56619047619049,0.00984241183623315,0.011207406602134005,0.019289632955349155,-0.005310489025581843,-0.006140308495397845,1,3,-0.009971336660380734
2025-03-26,223.51,225.02,220.47,221.53,34532656,-0.009971336660380734,218.0442857142857,225.35142857142858,0.011682505176580227,0.013589122001844327,0.011207406602134005,0.019289632955349155,0.01191797809476539,2,3,0.01041816419239041
2025-03-27,221.39,224.99,220.5601,223.85,37094774,0.01041816419239041,219.63857142857142,224.5652380952381,0.010700032082184499,-0.009971336660380734,0.013589122001844327,0.011207406602134005,-0.005310489025581843,3,3,-0.02693994273640031
2025-03-28,221.67,223.81,217.68,217.9,39818617,-0.02693994273640031,220.01857142857142,223.64142857142855,0.01644554673899015,0.01041816419239041,-0.009971336660380734,0.013589122001844327,0.019289632955349155,4,3,0.019226554118956955
2025-03-31,217.005,225.62,216.23,222.13,65299321,0.019226554118956955,221.1657142857143,222.70285714285714,0.017282350052073646,-0.02693994273640031,0.01041816419239041,-0.009971336660380734,0.011207406602134005,0,3,0.00476063056656272
2025-04-01,219.805,223.68,218.9,223.19,36412740,0.00476063056656272,221.86857142857144,221.9961904761905,0.01615208378306841,0.019226554118956955,-0.02693994273640031,0.01041816419239041,0.013589122001844327,1,4,0.003131433175311838
2025-04-02,221.315,225.19,221.02,223.89,35905904,0.003131433175311838,222.32,221.42285714285714,0.01576734617598304,0.00476063056656272,0.019226554118956955,-0.02693994273640031,-0.009971336660380734,2,4,-0.09701335791648369
2025-04-03,205.54,207.49,201.25,203.19,103419006,-0.09701335791648369,219.38285714285715,219.87285714285713,0.03962368074502031,0.003131433175311838,0.00476063056656272,0.019226554118956955,0.01041816419239041,3,4,-0.07568030250025096
2025-04-04,193.89,199.88,187.34,188.38,125910913,-0.07568030250025096,214.64714285714285,217.63714285714286,0.04586556931376321,-0.09701335791648369,0.003131433175311838,0.00476063056656272,-0.02693994273640031,4,4,-0.037425955653188146
2025-04-07,177.2,194.15,174.62,181.46,160466286,-0.037425955653188146,208.59142857142857,214.89380952380955,0.04353396256058196,-0.07568030250025096,-0.09701335791648369,0.003131433175311838,0.019226554118956955,0,4,-0.051101882959704026
2025-04-08,186.7,190.335,169.2101,172.42,120859491,-0.051101882959704026,202.09428571428572,212.27190476190472,0.044204390227655904,-0.037425955653188146,-0.07568030250025096,-0.09701335791648369,0.00476063056656272,1,4,0.1426174108719208
2025-04-09,171.95,200.61,171.89,198.85,184395885,0.1426174108719208,198.76857142857142,211.22476190476192,0.07934353365372034,-0.051101882959704026,-0.037425955653188146,-0.07568030250025096,0.003131433175311838,2,4,-0.04331861279615431
2025-04-10,189.065,194.7799,183.0,190.42,121879981,-0.04331861279615431,194.08714285714285,209.95999999999998,0.0793464377748671,0.1426174108719208,-0.051101882959704026,-0.037425955653188146,-0.09701335791648369,3,4,0.03979216077889878
2025-04-11,186.1,199.54,186.06,198.15,87435915,0.03979216077889878,190.41,209.41095238095235,0.08248233159388957,-0.04331861279615431,0.1426174108719208,-0.051101882959704026,-0.07568030250025096,4,4,0.021814327465264516
2025-04-14,211.44,212.94,201.1621,202.52,101352911,0.021814327465264516,190.31428571428572,208.88857142857142,0.07529227873052231,0.03979216077889878,-0.04331861279615431,0.1426174108719208,-0.037425955653188146,0,4,-0.0018781204551920384
2025-04-15,201.855,203.51,199.8,202.14,51343872,-0.0018781204551920384,192.28,208.32380952380953,0.06780009686860637,0.021814327465264516,0.03979216077889878,-0.04331861279615431,-0.051101882959704026,1,4,-0.0397115825958271
2025-04-16,198.36,200.7,192.37,194.27,59732423,-0.0397115825958271,194.10999999999999,207.44666666666666,0.068071921239081,-0.0018781204551920384,0.021814327465264516,0.03979216077889878,0.1426174108719208,2,4,0.01385325669086682
2025-04-17,197.2,198.8335,194.42,196.98,52164675,0.01385325669086682,197.6185714285714,206.5771428571429,0.0626026342621605,-0.0397115825958271,-0.0018781204551920384,0.021814327465264516,-0.04331861279615431,3,4,-0.019583339736215177
2025-04-21,193.265,193.8,189.8112,193.16,46742537,-0.019583339736215177,196.8057142857143,205.58,0.031547141435602326,0.01385325669086682,-0.0397115825958271,-0.0018781204551920384,0.03979216077889878,0,4,0.03349765980964751
2025-04-22,196.12,201.59,195.97,199.74,52976371,0.03349765980964751,198.13714285714286,204.69761904761904,0.02889965115583829,-0.019583339736215177,0.01385325669086682,-0.0397115825958271,0.021814327465264516,1,4,0.024040332702537383
2025-04-23,206.0,208.0,202.799,204.6,52929165,0.024040332702537383,199.0585714285714,203.92952380952383,0.026411075387323922,0.03349765980964751,-0.019583339736215177,0.01385325669086682,-0.0018781204551920384,2,4,0.018258492064582833
2025-04-24,204.89,208.8299,202.94,208.37,47310989,0.018258492064582833,199.8942857142857,203.19714285714286,0.026056075221255127,0.024040332702537383,0.03349765980964751,-0.019583339736215177,-0.0397115825958271,3,4,0.004357722686725041
2025-04-25,206.365,209.75,206.2,209.28,38222258,0.004357722686725041,200.91428571428574,202.6138095238095,0.025925166589791,0.018258492064582833,0.024040332702537383,0.03349765980964751,0.01385325669086682,4,4,0.004100906991795252
2025-04-28,210.0,211.5,207.46,210.14,38743074,0.004100906991795252,203.18142857142857,201.9609523809524,0.017145201032264218,0.004357722686725041,0.018258492064582833,0.024040332702537383,-0.019583339736215177,0,4,0.005078923935421559
2025-04-29,208.693,212.24,208.37,211.21,36827633,0.005078923935421559,205.21428571428572,201.64238095238093,0.017240892970580922,0.004100906991795252,0.004357722686725041,0.018258492064582833,0.03349765980964751,1,4,0.006089089168420812
2025-04-30,209.3,213.58,206.6705,212.5,52286454,0.006089089168420812,207.97714285714284,201.18380952380954,0.011770633129589923,0.005078923935421559,0.004100906991795252,0.004357722686725041,0.024040332702537383,2,4,0.003851397367929873
2025-05-01,209.08,214.56,208.9,213.32,57365675,0.003851397367929873,209.91714285714284,200.71380952380952,0.008233447173068505,0.006089089168420812,0.005078923935421559,0.004100906991795252,0.018258492064582833,3,5,-0.038077545329833914
2025-05-02,206.09,206.99,202.16,205.35,101010621,-0.038077545329833914,210.02428571428572,199.83095238095237,0.017771101612146924,0.003851397367929873,0.006089089168420812,0.005078923935421559,0.004357722686725041,4,5,-0.0319639323274125
2025-05-05,203.1,204.1,198.21,198.89,69018452,-0.0319639323274125,208.67,199.62619047619052,0.019473781971484395,-0.038077545329833914,0.003851397367929873,0.006089089168420812,0.004100906991795252,0,5,-0.0019124313830772783
2025-05-06,198.21,200.65,197.02,198.51,51216482,-0.0019124313830772783,207.13142857142856,200.10857142857142,0.019021931315302013,-0.0319639323274125,-0.038077545329833914,0.003851397367929873,0.005078923935421559,1,5,-0.011450120029559962
2025-05-07,199.17,199.44,193.25,196.25,68616943,-0.011450120029559962,205.14714285714285,200.81285714285713,0.018330283031309905,-0.0019124313830772783,-0.0319639323274125,-0.038077545329833914,0.006089089168420812,2,5,0.006298593485377273
2025-05-08,197.72,200.05,194.6796,197.49,50478872,0.006298593485377273,203.18714285714285,202.0066666666667,0.01849995685539786,-0.011450120029559962,-0.0019124313830772783,-0.0319639323274125,0.003851397367929873,3,5,0.0052522720610924155
2025-05-09,199.0,200.5399,197.535,198.53,36453923,0.0052522720610924155,201.19142857142856,201.99142857142857,0.018384056639525567,0.006298593485377273,-0.011450120029559962,-0.0019124313830772783,-0.038077545329833914,4,5,0.059922155002815725
2025-05-12,210.97,211.2679,206.75,210.79,63775814,0.059922155002815725,200.82999999999998,202.96142857142854,0.032259217820160266,0.0052522720610924155,0.006298593485377273,-0.011450120029559962,-0.0319639323274125,0,5,0.01010109598650392
2025-05-13,210.43,213.4,209.0,212.93,51909332,0.01010109598650392,201.91285714285712,203.6652380952381,0.02807345233701516,0.059922155002815725,0.0052522720610924155,0.006298593485377273,-0.0019124313830772783,1,5,-0.0028218050046047607
2025-05-14,212.43,213.94,210.5801,212.33,49325825,-0.0028218050046047607,203.83285714285716,204.13238095238094,0.023423098056388324,0.01010109598650392,0.059922155002815725,0.0052522720610924155,-0.011450120029559962,2,5,-0.004153104275204898
2025-05-15,210.95,212.96,209.54,211.45,45029473,-0.004153104275204898,205.68142857142857,204.5757142857143,0.023617030592146992,-0.0028218050046047607,0.01010109598650392,0.059922155002815725,0.006298593485377273,3,5,-0.0008989615234814366
2025-05-16,212.36,212.57,209.77,211.26,54737850,-0.0008989615234814366,207.82571428571427,205.3847619047619,0.022397966960249517,-0.004153104275204898,-0.0028218050046047607,0.01010109598650392,0.0052522720610924155,4,5,-0.011808536414863721
2025-05-19,207.91,209.48,204.26,208.78,46140527,-0.011808536414863721,209.43857142857146,205.94666666666666,0.023959097718156762,-0.0008989615234814366,-0.004153104275204898,-0.0028218050046047607,0.059922155002815725,0,5,-0.009238830030494747
2025-05-20,207.67,208.47,205.03,206.86,42496635,-0.009238830030494747,210.62857142857143,206.5990476190476,0.02484006824130108,-0.011808536414863721,-0.0008989615234814366,-0.004153104275204898,0.01010109598650392,1,5,-0.02332909321950063
2025-05-21,205.17,207.04,200.71,202.09,59211774,-0.02332909321950063,209.3857142857143,206.7109523809524,0.010354558080465644,-0.009238830030494747,-0.011808536414863721,-0.0008989615234814366,-0.0028218050046047607,2,5,-0.0036187919030965495
2025-05-22,200.71,202.75,199.7,201.36,46742407,-0.0036187919030965495,207.73285714285717,206.55666666666664,0.007770138816517287,-0.02332909321950063,-0.009238830030494747,-0.011808536414863721,-0.004153104275204898,3,5,-0.030711134574654807
2025-05-23,193.665,197.7,193.46,195.27,78432918,-0.030711134574654807,205.29571428571427,205.93285714285716,0.011114245888513747,-0.0036187919030965495,-0.02332909321950063,-0.009238830030494747,-0.0008989615234814366,4,5,0.024983599431202347
2025-05-27,198.3,200.74,197.43,200.21,56288475,0.024983599431202347,203.69000000000003,205.5009523809524,0.017907552303725354,-0.030711134574654807,-0.0036187919030965495,-0.02332909321950063,-0.011808536414863721,1,5,0.0010483489465745394
2025-05-28,200.59,202.73,199.9,200.42,45339678,0.0010483489465745394,202.1414285714286,205.03809523809525,0.01804726159922331,0.024983599431202347,-0.030711134574654807,-0.0036187919030965495,-0.009238830030494747,2,5,-0.002347829337355481
2025-05-29,203.575,203.81,198.51,199.95,51477938,-0.002347829337355481,200.87999999999997,204.50190476190477,0.01802724037854905,0.0010483489465745394,0.024983599431202347,-0.030711134574654807,-0.02332909321950063,3,5,0.004491025512463802
2025-05-30,199.37,201.96,196.78,200.85,70819942,0.004491025512463802,200.02142857142857,203.94714285714286,0.01838156397376525,-0.002347829337355481,0.0010483489465745394,0.024983599431202347,-0.0036187919030965495,4,5,0.004223084154874757
2025-06-02,200.28,202.13,200.12,201.7,35423294,0.004223084154874757,199.96571428571428,203.3938095238095,0.016454643240845626,0.004491025512463802,-0.002347829337355481,0.0010483489465745394,-0.030711134574654807,0,6,0.007753699610704572
2025-06-03,201.35,203.77,200.955,203.27,46381567,0.007753699610704572,200.23857142857145,203.29476190476188,0.01663007475370091,0.004223084154874757,0.004491025512463802,-0.002347829337355481,0.024983599431202347,1,6,-0.00221625838702034
2025-06-04,202.91,206.24,202.1,202.82,43603985,-0.00221625838702034,201.31714285714287,203.48190476190476,0.009382955493325589,0.007753699610704572,0.004223084154874757,0.004491025512463802,0.0010483489465745394,2,6,-0.01085647049174078
2025-06-05,203.5,204.75,200.15,200.63,55221235,-0.01085647049174078,201.37714285714284,203.58285714285714,0.006149286350222368,-0.00221625838702034,0.007753699610704572,0.004223084154874757,-0.002347829337355481,3,6,0.016265344375750522
2025-06-06,203.0,205.7,202.05,203.92,46607693,0.016265344375750522,201.87714285714284,203.94809523809522,0.008642473567817877,-0.01085647049174078,-0.00221625838702034,0.007753699610704572,0.004491025512463802,4,6,-0.012186548430503737
2025-06-09,204.39,206.0,200.02,201.45,72862557,-0.012186548430503737,202.0914285714286,204.13666666666666,0.010214303028567715,0.016265344375750522,-0.01085647049174078,-0.00221625838702034,0.004223084154874757,0,6,0.006037828893865591
2025-06-10,200.6,204.35,200.57,202.67,54672608,0.006037828893865591,202.35142857142856,204.33380952380952,0.010316920989068433,-0.012186548430503737,0.016265344375750522,-0.01085647049174078,0.007753699610704572,1,6,-0.01938035499136232
2025-06-11,203.5,204.5,198.41,198.78,60989857,-0.01938035499136232,201.93428571428572,203.76190476190476,0.012764808295306004,0.006037828893865591,-0.012186548430503737,0.016265344375750522,-0.00221625838702034,2,6,0.002110659610638244
2025-06-12,199.08,199.68,197.3601,199.2,43904635,0.002110659610638244,201.35285714285715,203.10809523809525,0.012205983104275722,-0.01938035499136232,0.006037828893865591,-0.012186548430503737,-0.01085647049174078,3,6,-0.013901399146029038
2025-06-13,199.73,200.37,195.7,196.45,51447349,-0.013901399146029038,200.44285714285712,202.3519047619048,0.012879059717483855,0.002110659610638244,-0.01938035499136232,0.006037828893865591,0.016265344375750522,4,6,0.009978050217287622
2025-06-16,197.3,198.685,196.5636,198.42,43020691,0.009978050217287622,200.12714285714284,201.73142857142855,0.013569975877901869,-0.013901399146029038,0.002110659610638244,-0.01938035499136232,-0.012186548430503737,0,6,-0.014109760550600002
2025-06-17,197.2,198.39,195.21,195.64,38856152,-0.014109760550600002,198.9442857142857,200.98761904761903,0.011629379772118302,0.009978050217287622,-0.013901399146029038,0.002110659610638244,0.006037828893865591,1,6,0.004793237467327044
2025-06-18,195.94,197.57,195.07,196.58,45394689,0.004793237467327044,198.2485714285714,200.40666666666667,0.011873127854601519,-0.014109760550600002,0.009978050217287622,-0.013901399146029038,-0.01938035499136232,2,6,0.022235434920592347
2025-06-20,198.235,201.7,196.855,201.0,96813542,0.022235434920592347,198.01,200.12761904761905,0.015163323520333605,0.004793237467327044,-0.014109760550600002,0.009978050217287622,0.002110659610638244,4,6,0.0024844733276619658
2025-06-23,201.625,202.3,198.96,201.5,55814272,0.0024844733276619658,198.39857142857142,200.09952380952382,0.012868088398283357,0.022235434920592347,0.004793237467327044,-0.014109760550600002,-0.013901399146029038,0,6,-0.005973138714965093
2025-06-24,202.59,203.44,200.2,200.3,54064033,-0.005973138714965093,198.5557142857143,200.0490476190476,0.013208609175908569,0.0024844733276619658,0.022235434920592347,0.004793237467327044,0.009978050217287622,1,6,0.006270861140624811
2025-06-25,201.45,203.67,200.6201,201.56,39525730,0.006270861140624811,199.28571428571428,200.3485714285714,0.011568696834026093,-0.005973138714965093,0.0024844733276619658,0.022235434920592347,-0.014109760550600002,2,6,-0.002782195753321553
2025-06-26,201.43,202.64,199.46,201.0,50799121,-0.002782195753321553,199.6542857142857,200.38619047619045,0.011413060712289548,0.006270861140624811,-0.005973138714965093,0.0024844733276619658,0.004793237467327044,3,6,0.0003979307652987323
2025-06-27,201.89,203.22,200.0,201.08,73188571,0.0003979307652987323,200.43142857142857,200.417619047619,0.009119608476047042,-0.002782195753321553,0.006270861140624811,-0.005973138714965093,0.022235434920592347,4,6,0.020136064953739752
2025-06-30,202.01,207.39,199.2607,205.17,91912816,0.020136064953739752,201.65857142857143,200.66619047619048,0.011012353599778759,0.0003979307652987323,-0.002782195753321553,0.006270861140624811,0.0024844733276619658,0,6,0.012833416646386379
2025-07-01,206.665,210.1865,206.1401,207.82,78788867,0.012833416646386379,202.63285714285715,200.99809523809523,0.009130320030551737,0.020136064953739752,0.0003979307652987323,-0.002782195753321553,-0.005973138714965093,1,7,0.021987275129697868
2025-07-02,208.91,213.34,208.14,212.44,67941811,0.021987275129697868,204.1957142857143,201.5095238095238,0.011084344948508042,0.012833416646386379,0.020136064953739752,0.0003979307652987323,0.006270861140624811,2,7,0.005211401733277193
2025-07-03,212.145,214.65,211.8101,213.55,34955836,0.005211401733277193,206.0885714285714,201.9990476190476,0.009502936556204771,0.021987275129697868,0.012833416646386379,0.020136064953739752,-0.002782195753321553,3,7,-0.017001590157273334
2025-07-07,212.68,216.23,208.8,209.95,50228984,-0.017001590157273334,207.28714285714287,202.3385714285714,0.01378471517057362,0.005211401733277193,0.021987275129697868,0.012833416646386379,0.0003979307652987323,0,7,0.00028574150113462317
2025-07-08,210.1,211.43,208.45,210.01,42848928,0.00028574150113462317,208.5742857142857,202.78523809523807,0.01351146915688346,-0.017001590157273334,0.005211401733277193,0.021987275129697868,0.020136064953739752,1,7,0.0053662719302118
2025-07-09,209.53,211.33,207.22,211.14,48749367,0.0053662719302118,210.01142857142855,203.1290476190476,0.013280464441473726,0.00028574150113462317,-0.017001590157273334,0.005211401733277193,0.012833416646386379,2,7,0.005996948677244871
2025-07-10,210.505,213.48,210.03,212.41,44443635,0.005996948677244871,211.04571428571427,203.6509523809524,0.011953954787231262,0.0053662719302118,0.00028574150113462317,-0.017001590157273334,0.021987275129697868,3,7,-0.005902229283378157
2025-07-11,210.565,212.13,209.86,211.16,39765812,-0.005902229283378157,211.52285714285716,204.05523809523808,0.011993166218406686,0.005996948677244871,0.0053662719302118,0.00028574150113462317,0.005211401733277193,4,7,-0.01210172470759039
2025-07-14,209.925,210.91,207.54,208.62,38840111,-0.01210172470759039,210.97714285714284,204.52380952380952,0.009267392445901005,-0.005902229283378157,0.005996948677244871,0.0053662719302118,-0.017001590157273334,0,7,0.0023460140508832585
2025-07-15,209.22,211.89,208.92,209.11,42296339,0.0023460140508832585,210.34285714285716,204.99571428571429,0.008922111048769249,-0.01210172470759039,-0.005902229283378157,0.005996948677244871,0.00028574150113462317,1,7,0.005008716078575934
2025-07-16,210.295,212.4,208.64,210.16,47490532,0.005008716078575934,210.37285714285713,205.64857142857142,0.00678943055786526,0.0023460140508832585,-0.01210172470759039,-0.005902229283378157,0.0053662719302118,2,7,-0.0006663810994370712
2025-07-17,210.57,211.8,209.59,210.02,48068141,-0.0006663810994370712,210.3742857142857,206.2009523809524,0.006795624546205363,0.005008716078575934,0.0023460140508832585,-0.01210172470759039,0.005996948677244871,3,7,0.005508086100520932
2025-07-18,210.87,211.79,209.7045,211.18,48974591,0.005508086100520932,210.38000000000002,206.94095238095238,0.006814450498218638,-0.0006663810994370712,0.005008716078575934,0.0023460140508832585,-0.005902229283378157,4,7,0.0061370159097006195
2025-07-21,212.1,215.78,211.63,212.48,51377434,0.0061370159097006195,210.39000000000001,207.69809523809522,0.0068350762111456746,0.005508086100520932,-0.0006663810994370712,0.005008716078575934,-0.01210172470759039,0,7,0.008995562908578003
2025-07-22,213.14,214.95,212.2301,214.4,46404072,0.008995562908578003,210.85285714285715,208.33619047619044,0.006991478363116345,0.0061370159097006195,0.005508086100520932,-0.0006663810994370712,0.0023460140508832585,1,7,-0.0011667251352669031
2025-07-23,215.0,215.15,212.41,214.15,46989301,-0.0011667251352669031,211.64285714285714,208.93857142857144,0.00373134680030387,0.008995562908578003,0.0061370159097006195,0.005508086100520932,0.005008716078575934,2,7,-0.0018228137130991598
2025-07-24,213.9,215.69,213.53,213.76,46022620,-0.0018228137130991598,212.30714285714285,209.5795238095238,0.0042824363282138326,-0.0011667251352669031,0.008995562908578003,0.0061370159097006195,-0.0006663810994370712,3,7,0.0005612197322500155
2025-07-25,214.7,215.24,213.4,213.88,40268781,0.0005612197322500155,212.83857142857144,210.16619047619048,0.004289229383041877,-0.0018228137130991598,-0.0011667251352669031,0.008995562908578003,0.005508086100520932,4,7,0.0007945225104243903
2025-07-28,214.03,214.845,213.06,214.05,37858017,0.0007945225104243903,213.41428571428574,210.78761904761905,0.004142131885703606,0.0005612197322500155,-0.0018228137130991598,-0.0011667251352669031,0.0061370159097006195,0,7,-0.013072696278811793
2025-07-29,214.175,214.81,210.82,211.27,51411723,-0.013072696278811793,213.42714285714285,211.27285714285716,0.007012877437189324,0.0007945225104243903,0.0005612197322500155,-0.0018228137130991598,0.008995562908578003,1,7,-0.01056347850956926
2025-07-30,211.895,212.39,207.72,209.05,45512514,-0.01056347850956926,212.93714285714285,211.45761904761906,0.0074296267821943,-0.013072696278811793,0.0007945225104243903,0.0005612197322500155,-0.0011667251352669031,2,7,-0.007104825623744683
2025-07-31,208.49,209.84,207.16,207.57,80698431,-0.007104825623744683,211.96142857142857,211.44571428571427,0.0056103868987896766,-0.01056347850956926,-0.013072696278811793,0.0007945225104243903,-0.0018228137130991598,3,7,-0.025321513877215478
2025-08-01,210.865,213.58,201.5,202.38,104434473,-0.025321513877215478,210.28,210.96666666666667,0.009326445587804991,-0.007104825623744683,-0.01056347850956926,-0.013072696278811793,0.0005612197322500155,4,8,0.004781514051619624
2025-08-04,204.505,207.88,201.675,203.35,75109298,0.004781514051619624,208.79285714285717,210.48095238095235,0.010343059479379201,-0.025321513877215478,-0.007104825623744683,-0.01056347850956926,0.0007945225104243903,0,8,-0.0021168196547443788
2025-08-05,203.4,205.34,202.16,202.92,44155079,-0.0021168196547443788,207.22714285714284,210.14619047619047,0.010056624362643745,0.004781514051619624,-0.025321513877215478,-0.007104825623744683,-0.013072696278811793,1,8,0.04965337367329933
2025-08-06,205.63,215.38,205.59,213.25,108483103,0.04965337367329933,207.11285714285714,210.30047619047616,0.024031016121936175,-0.0021168196547443788,0.004781514051619624,-0.025321513877215478,-0.01056347850956926,2,8,0.03129871432026111
2025-08-07,218.875,220.85,216.58,220.03,90224834,0.03129871432026111,208.3642857142857,210.72380952380956,0.025948226134114794,0.04965337367329933,-0.0021168196547443788,0.004781514051619624,-0.007104825623744683,3,8,0.04148532035113141
2025-08-08,220.83,231.0,219.25,229.35,113853967,0.04148532035113141,211.26428571428573,211.5304761904762,0.027863145434296077,0.03129871432026111,0.04965337367329933,-0.0021168196547443788,-0.025321513877215478,4,8,-0.009506566239905357
2025-08-11,227.92,229.56,224.76,227.18,61806132,-0.009506566239905357,214.06571428571425,212.29333333333332,0.02816853039755454,0.04148532035113141,0.03129871432026111,0.04965337367329933,0.004781514051619624,0,8,0.010813755968526953
2025-08-12,228.005,230.8,227.07,229.65,55672301,0.010813755968526953,217.96142857142857,213.29476190476188,0.022796184992862113,-0.009506566239905357,0.04148532035113141,0.03129871432026111,-0.0021168196547443788,1,8,0.01589734978716502
2025-08-13,231.07,235.0,230.43,233.33,69878546,0.01589734978716502,222.24428571428572,214.44809523809522,0.022093503904038896,0.010813755968526953,-0.009506566239905357,0.04148532035113141,0.04965337367329933,2,8,-0.00235995904513725
2025-08-14,234.055,235.12,230.85,232.78,51916275,-0.00235995904513725,226.51000000000002,215.52523809523814,0.02213357620892438,0.01589734978716502,0.010813755968526953,-0.009506566239905357,0.03129871432026111,3,8,-0.00512523464010095
2025-08-15,234.0,234.28,229.335,231.59,56038657,-0.00512523464010095,229.13000000000002,216.55238095238093,0.019235884418451494,-0.00235995904513725,0.01589734978716502,0.010813755968526953,0.04148532035113141,4,8,-0.0030271602428172274
2025-08-18,231.7,233.12,230.11,230.89,37476188,-0.0030271602428172274,230.68142857142857,217.49095238095236,0.017750535509105457,-0.00512523464010095,-0.00235995904513725,0.01589734978716502,-0.009506566239905357,0,8,-0.001430274379700124
2025-08-19,231.275,232.87,229.35,230.56,39402564,-0.001430274379700124,230.8542857142857,218.3519047619048,0.009120757312705157,-0.0030271602428172274,-0.00512523464010095,-0.00235995904513725,0.010813755968526953,1,8,-0.019931886170219938
2025-08-20,229.98,230.47,225.77,226.01,42263865,-0.019931886170219938,230.68714285714287,218.9047619047619,0.011591529027838386,-0.001430274379700124,-0.0030271602428172274,-0.00512523464010095,0.01589734978716502,2,8,-0.00492338711572196
2025-08-21,226.27,226.52,223.7804,224.9,30621249,-0.00492338711572196,230.00857142857143,219.41666666666666,0.010447389261667555,-0.019931886170219938,-0.001430274379700124,-0.0030271602428172274,-0.00235995904513725,3,8,0.012636584004512057
2025-08-22,226.17,229.09,225.41,227.76,42477811,0.012636584004512057,229.21285714285713,220.08333333333334,0.009494334217319949,-0.00492338711572196,-0.019931886170219938,-0.001430274379700124,-0.00512523464010095,4,8,-0.0026378279605502935
2025-08-25,226.48,229.3,226.23,227.16,30983133,-0.0026378279605502935,228.41000000000003,220.7157142857143,0.009489589022022434,0.012636584004512057,-0.00492338711572196,-0.019931886170219938,-0.0030271602428172274,0,8,0.009420184893664791
2025-08-26,226.87,229.49,224.69,229.31,54575107,0.009420184893664791,228.0842857142857,221.44238095238094,0.010599738066424443,-0.0026378279605502935,0.012636584004512057,-0.00492338711572196,-0.001430274379700124,1,8,0.005132677644756611
2025-08-27,228.61,230.9,228.26,230.49,31259513,0.005132677644756611,228.02714285714288,222.35761904761907,0.010838678157763472,0.009420184893664791,-0.0026378279605502935,0.012636584004512057,-0.019931886170219938,2,8,0.008940778702967176
2025-08-28,230.82,233.41,229.335,232.56,38074700,0.008940778702967176,228.31285714285713,223.47714285714284,0.011346995751868134,0.005132677644756611,0.009420184893664791,-0.0026378279605502935,-0.00492338711572196,3,8,-0.0018076183101439452
2025-08-29,232.51,233.38,231.37,232.14,39418437,-0.0018076183101439452,229.1885714285714,224.64714285714285,0.00691447882069038,0.008940778702967176,0.005132677644756611,0.009420184893664791,0.012636584004512057,4,8,-0.010479461944380755
2025-09-02,229.25,230.85,226.97,229.72,44075638,-0.010479461944380755,229.87714285714287,225.94904761904758,0.00827155629212733,-0.0018076183101439452,0.008940778702967176,0.005132677644756611,-0.0026378279605502935,1,9,0.03738234025703522
2025-09-03,237.21,238.85,234.36,238.47,66061716,0.03738234025703522,231.40714285714287,227.62142857142857,0.015334399638716674,-0.010479461944380755,-0.0018076183101439452,0.008940778702967176,0.009420184893664791,2,9,0.005478320026376708
2025-09-04,238.45,239.8999,236.74,239.78,47549429,0.005478320026376708,233.21,229.37666666666667,0.01482087798110282,0.03738234025703522,-0.010479461944380755,-0.0018076183101439452,0.005132677644756611,3,9,-0.00037541452460853166
2025-09-05,239.995,241.32,238.4901,239.69,54870397,-0.00037541452460853166,234.69285714285712,230.6357142857143,0.01509395108771854,0.005478320026376708,0.03738234025703522,-0.010479461944380755,0.008940778702967176,4,9,-0.00758007691650613
2025-09-08,239.3,240.15,236.34,237.88,48999495,-0.00758007691650613,235.74857142857144,231.48571428571427,0.01599892540806056,-0.00037541452460853166,0.005478320026376708,0.03738234025703522,-0.0018076183101439452,0,9,-0.014950620469677826
2025-09-09,237.0,238.7805,233.36,234.35,66313918,-0.014950620469677826,236.00428571428571,231.7238095238095,0.017384183105666123,-0.00758007691650613,-0.00037541452460853166,0.005478320026376708,-0.010479461944380755,1,9,-0.032791245197944616
2025-09-10,232.185,232.42,225.95,226.79,83440810,-0.032791245197944616,235.23999999999998,231.70523809523806,0.021664073445101465,-0.014950620469677826,-0.00758007691650613,-0.00037541452460853166,0.03738234025703522,2,9,0.014185256029157005
2025-09-11,226.875,230.45,226.65,230.03,50208578,0.014185256029157005,235.28428571428572,231.72333333333336,0.022303954643734674,-0.032791245197944616,-0.014950620469677826,-0.00758007691650613,0.005478320026376708,3,9,0.01741048072188551
2025-09-12,229.22,234.51,229.02,234.07,55824216,0.01741048072188551,234.65571428571428,231.75857142857143,0.017517595319935433,0.014185256029157005,-0.032791245197944616,-0.014950620469677826,-0.00037541452460853166,4,9,0.011173300598125255
2025-09-15,237.0,238.19,235.03,236.7,42699524,0.011173300598125255,234.21571428571428,231.94523809523807,0.01808174466030815,0.01741048072188551,0.014185256029157005,-0.032791245197944616,-0.00758007691650613,0,9,0.006107210726931303
2025-09-16,237.175,241.22,236.3235,238.15,63421099,0.006107210726931303,233.99571428571429,232.25761904761907,0.01833392163128246,0.011173300598125255,0.01741048072188551,0.014185256029157005,-0.014950620469677826,1,9,0.0035209828050978467
2025-09-17,238.97,240.1,237.7301,238.99,46508017,0.0035209828050978467,234.1542857142857,232.64333333333335,0.018140999007404204,0.006107210726931303,0.011173300598125255,0.01741048072188551,-0.032791245197944616,2,9,-0.004655365213574466
2025-09-18,239.97,241.2,236.65,237.88,44249576,-0.004655365213574466,234.65857142857143,232.99190476190475,0.01704841598017259,0.0035209828050978467,0.006107210726931303,0.011173300598125255,0.014185256029157005,3,9,0.031530602396182335
2025-09-19,241.225,246.3,240.2106,245.5,163741314,0.031530602396182335,237.3314285714286,233.92000000000002,0.011525360455605297,-0.004655365213574466,0.0035209828050978467,0.006107210726931303,0.01741048072188551,4,9,0.0421929484270323
2025-09-22,248.3,256.64,248.12,256.08,105517416,0.0421929484270323,241.05285714285714,235.4047619047619,0.016480349362950487,0.031530602396182335,-0.004655365213574466,0.0035209828050978467,0.011173300598125255,0,9,-0.006464146619889126
2025-09-23,255.875,257.34,253.58,254.43,60275187,-0.006464146619889126,243.96142857142857,236.67476190476185,0.018342283168372536,0.0421929484270323,0.031530602396182335,-0.004655365213574466,0.006107210726931303,1,9,-0.008367258825429779
2025-09-24,255.22,255.74,251.04,252.31,42303710,-0.008367258825429779,246.19142857142856,237.87238095238095,0.01989518934707931,-0.006464146619889126,0.0421929484270323,0.031530602396182335,0.0035209828050978467,2,9,0.0179116301245757
2025-09-25,253.205,257.17,251.712,256.87,55202075,0.0179116301245757,248.8657142857143,239.1847619047619,0.020096171510878492,-0.008367258825429779,-0.006464146619889126,0.0421929484270323,-0.004655365213574466,3,9,-0.005504278726233457
2025-09-26,254.095,257.6,253.78,255.46,46076258,-0.005504278726233457,251.21857142857144,240.37380952380948,0.020914606268121437,0.0179116301245757,-0.008367258825429779,-0.006464146619889126,0.031530602396182335,4,9,-0.004040092572912473
2025-09-29,254.56,255.0,253.01,254.43,40127687,-0.004040092572912473,253.58285714285714,241.4152380952381,0.020846282072167575,-0.005504278726233457,0.0179116301245757,-0.008367258825429779,0.0421929484270323,0,9,0.0007857620331213641
2025-09-30,254.855,255.919,253.11,254.63,37704259,0.0007857620331213641,254.88714285714286,242.48619047619047,0.018572520551461434,-0.004040092572912473,-0.005504278726233457,0.0179116301245757,-0.006464146619889126,1,9,0.003215184701967226
2025-10-01,255.04,258.79,254.93,255.45,48713940,0.003215184701967226,254.79714285714286,243.7114285714286,0.009030782612991195,0.0007857620331213641,-0.004040092572912473,-0.005504278726233457,-0.008367258825429779,2,10,0.006555097802094065
2025-10-02,256.575,258.18,254.15,257.13,42630239,0.006555097802094065,255.18285714285713,244.60000000000002,0.00890189591956069,0.003215184701967226,0.0007857620331213641,-0.004040092572912473,0.0179116301245757,3,10,0.0034553077180894433
2025-10-03,254.665,259.24,253.95,258.02,49155614,0.0034553077180894433,255.99857142857144,245.46857142857144,0.007764943045551094,0.006555097802094065,0.003215184701967226,0.0007857620331213641,-0.005504278726233457,4,10,-0.005167970158442561
2025-10-06,257.99,259.07,255.05,256.69,44664118,-0.005167970158442561,255.97285714285712,246.27809523809523,0.004815261210191034,0.0034553077180894433,0.006555097802094065,0.003215184701967226,-0.004040092572912473,0,10,-0.0008184422773049941
2025-10-07,256.805,257.4,255.43,256.48,31955776,-0.0008184422773049941,256.11857142857144,247.1638095238095,0.004228770012773017,-0.005167970158442561,0.0034553077180894433,0.006555097802094065,0.0007857620331213641,1,10,0.006141427162457078
2025-10-08,256.52,258.52,256.11,258.06,36496895,0.006141427162457078,256.63714285714286,248.29285714285717,0.004128937761897248,-0.0008184422773049941,-0.005167970158442561,0.0034553077180894433,0.003215184701967226,2,10,-0.01570038108892594
2025-10-09,257.805,258.0,253.14,254.04,38322012,-0.01570038108892594,256.55285714285714,249.5904761904762,0.007917006616906449,0.006141427162457078,-0.0008184422773049941,-0.005167970158442561,0.006555097802094065,3,10,-0.0351320903749287
2025-10-10,254.94,256.38,244.0,245.27,61999098,-0.0351320903749287,255.09857142857143,250.31619047619046,0.015080399274111136,-0.01570038108892594,0.006141427162457078,-0.0008184422773049941,0.0034553077180894433,4,10,0.009697193227107182
2025-10-13,249.38,249.69,245.56,247.66,38142942,0.009697193227107182,253.74571428571429,250.9633333333333,0.01554924976579013,-0.0351320903749287,-0.01570038108892594,0.006141427162457078,-0.005167970158442561,0,10,0.0004440587037828413
2025-10-14,246.6,248.845,244.7,247.77,35477986,0.0004440587037828413,252.28142857142856,251.4904761904762,0.01530442647744504,0.009697193227107182,-0.0351320903749287,-0.01570038108892594,-0.0008184422773049941,1,10,0.0063165304260936386
2025-10-15,249.485,251.82,247.47,249.34,33893611,0.0063165304260936386,251.23142857142855,252.0233333333333,0.015982867763053566,0.0004440587037828413,0.009697193227107182,-0.0351320903749287,0.006141427162457078,2,10,-0.007608885518933919
2025-10-16,248.25,249.04,245.13,247.45,39776974,-0.007608885518933919,249.94142857142856,252.42619047619047,0.01595298570507623,0.0063165304260936386,0.0004440587037828413,0.009697193227107182,-0.01570038108892594,3,10,0.019370678108879068
2025-10-17,248.02,253.38,247.27,252.29,49146961,0.019370678108879068,249.11714285714285,253.11238095238093,0.018142796266607843,-0.007608885518933919,0.0063165304260936386,0.0004440587037828413,-0.0351320903749287,4,10,0.038680895488745495
2025-10-20,255.885,264.375,255.63,262.24,90483029,0.038680895488745495,250.28857142857143,253.9095238095238,0.022925783702201993,0.019370678108879068,-0.007608885518933919,0.0063165304260936386,0.009697193227107182,0,10,0.002019009847587752
2025-10-21,261.88,265.29,261.83,262.77,46695948,0.002019009847587752,252.78857142857143,254.22809523809525,0.015215021592760329,0.038680895488745495,0.019370678108879068,-0.007608885518933919,0.0004440587037828413,1,10,-0.016576873201058953
2025-10-22,262.65,262.85,255.43,258.45,45015254,-0.016576873201058953,254.32999999999998,254.41952380952384,0.0182048088015138,0.002019009847587752,0.038680895488745495,0.019370678108879068,0.0063165304260936386,2,10,0.004362688617564541
2025-10-23,259.94,260.62,258.0101,259.58,32754941,0.004362688617564541,256.01714285714286,254.7657142857143,0.018061867793937703,-0.016576873201058953,0.002019009847587752,0.038680895488745495,-0.007608885518933919,3,10,0.012404446955879033
2025-10-24,261.19,264.13,259.18,262.82,38253717,0.012404446955879033,257.9428571428571,255.0490476190476,0.01818914403275366,0.004362688617564541,-0.016576873201058953,0.002019009847587752,0.019370678108879068,4,10,0.022535423122463517
2025-10-27,264.88,269.12,264.6501,268.81,44888152,0.022535423122463517,260.9942857142857,255.6847619047619,0.017567655760918482,0.012404446955879033,0.004362688617564541,-0.016576873201058953,0.038680895488745495,0,10,0.0007065692638837042
2025-10-28,268.985,269.89,268.15,269.0,41534759,0.0007065692638837042,263.38142857142856,256.37857142857143,0.017648261006505597,0.022535423122463517,0.012404446955879033,0.004362688617564541,0.002019009847587752,1,10,0.0025988505438451492
2025-10-29,269.275,271.41,267.11,269.7,51086742,0.0025988505438451492,264.44714285714286,257.09619047619043,0.011933634272753176,0.0007065692638837042,0.022535423122463517,0.012404446955879033,-0.016576873201058953,2,10,0.006283517255084504
2025-10-30,271.99,274.14,268.48,271.4,69886534,0.006283517255084504,265.68,257.85571428571427,0.011924071072285257,0.0025988505438451492,0.0007065692638837042,0.022535423122463517,0.004362688617564541,3,10,-0.0038023561325672382
2025-10-31,276.99,277.32,269.16,270.37,86167123,-0.0038023561325672382,267.3828571428571,258.4861904761905,0.008674766920721994,0.006283517255084504,0.0025988505438451492,0.0007065692638837042,0.012404446955879033,4,10,-0.004894155332772815
2025-11-03,270.42,270.85,266.25,269.05,50194583,-0.004894155332772815,268.7357142857143,259.01142857142855,0.009690546986099667,-0.0038023561325672382,0.006283517255084504,0.0025988505438451492,0.022535423122463517,0,11,0.0036728602382412124
2025-11-04,268.325,271.486,267.615,270.04,49274846,0.0036728602382412124,269.76714285714286,259.64714285714285,0.00914294368960501,-0.004894155332772815,-0.0038023561325672382,0.006283517255084504,0.0007065692638837042,1,11,0.00037024695894810876
2025-11-05,268.61,271.7,266.93,270.14,42586288,0.00037024695894810876,269.95714285714286,260.29761904761904,0.003985255759426616,0.0036728602382412124,-0.004894155332772815,-0.0038023561325672382,0.0025988505438451492,2,11,-0.0013705990180649203
2025-11-06,267.89,273.4,267.89,269.77,51204045,-0.0013705990180649203,270.0671428571428,260.8552380952381,0.004061724395538244,0.00037024695894810876,0.0036728602382412124,-0.004894155332772815,0.006283517255084504,3,11,-0.0048305682516764535
2025-11-07,269.795,272.29,266.77,268.47,48227365,-0.0048305682516764535,269.8914285714286,261.54238095238094,0.0043540831454324394,-0.0013705990180649203,0.00037024695894810876,0.0036728602382412124,-0.0038023561325672382,4,11,0.0035694404880914532
2025-11-10,268.96,273.73,267.455,269.43,41312412,0.0035694404880914532,269.61,262.6928571428572,0.0037060674143041253,-0.0048305682516764535,-0.0013705990180649203,0.00037024695894810876,-0.004894155332772815,0,11,0.02137115925182126
2025-11-11,269.81,275.91,269.8,275.25,46208318,0.02137115925182126,270.3071428571429,264.00666666666666,0.009005059276528268,0.0035694404880914532,-0.0048305682516764535,-0.0013705990180649203,0.0036728602382412124,1,11,-0.006487848970949063
2025-11-12,275.0,275.73,271.7,273.47,48397982,-0.006487848970949063,270.93857142857144,265.2304761904762,0.009241829380141358,0.02137115925182126,0.0035694404880914532,-0.0048305682516764535,0.00037024695894810876,2,11,-0.001903298404073698
2025-11-13,274.11,276.699,272.09,272.95,49602794,-0.001903298404073698,271.3542857142857,266.3547619047619,0.00934629764378737,-0.006487848970949063,0.02137115925182126,0.0035694404880914532,-0.0013705990180649203,3,11,-0.0019803439067010314
2025-11-14,271.05,275.96,269.6,272.41,47431331,-0.0019803439067010314,271.67857142857144,267.54333333333335,0.009436750587150912,-0.001903298404073698,-0.006487848970949063,0.02137115925182126,-0.0048305682516764535,4,11,-0.018338261876415136
2025-11-17,268.815,270.49,265.73,267.46,45018260,-0.018338261876415136,271.34857142857146,268.2657142857143,0.012028889198650307,-0.0019803439067010314,-0.001903298404073698,-0.006487848970949063,0.0035694404880914532,0,11,-7.478033280722247e-05
